"version_a","version_b","comp","comp2","sum"
"111-S-4052-IS","111-HR-6398-ENR","111-S-4052-IS&111-HR-6398-ENR","111-S-4052&111-HR-6398",24
"111-HR-6520-IH","111-HR-2965-ENR","111-HR-6520-IH&111-HR-2965-ENR","111-HR-6520&111-HR-2965",24
"111-S-3605-RS","111-HR-5116-ENR","111-S-3605-RS&111-HR-5116-ENR","111-S-3605&111-HR-5116",24
"111-S-4022-IS","111-HR-2965-ENR","111-S-4022-IS&111-HR-2965-ENR","111-S-4022&111-HR-2965",24
"111-HR-6503-IH","111-S-3860-ENR","111-HR-6503-IH&111-S-3860-ENR","111-HR-6503&111-S-3860",24
"111-HR-6496-IH","111-S-3860-ENR","111-HR-6496-IH&111-S-3860-ENR","111-HR-6496&111-S-3860",24
"111-HR-6482-IH","111-HR-5809-ENR","111-HR-6482-IH&111-HR-5809-ENR","111-HR-6482&111-HR-5809",24
"111-HR-6487-IH","111-S-4005-ENR","111-HR-6487-IH&111-S-4005-ENR","111-HR-6487&111-S-4005",24
"111-HR-6472-IH","111-S-3243-ENR","111-HR-6472-IH&111-S-3243-ENR","111-HR-6472&111-S-3243",24
"111-HR-5112-RH","111-S-3250-ENR","111-HR-5112-RH&111-S-3250-ENR","111-HR-5112&111-S-3250",24
"111-S-510-ES","111-HR-2751-ENR","111-S-510-ES&111-HR-2751-ENR","111-S-510&111-HR-2751",24
"111-S-3981-IS","111-HR-4853-ENR","111-S-3981-IS&111-HR-4853-ENR","111-S-3981&111-HR-4853",24
"111-HR-6420-IH","111-S-3987-ENR","111-HR-6420-IH&111-S-3987-ENR","111-HR-6420&111-S-3987",24
"111-S-3948-IS","111-HR-4337-ENR","111-S-3948-IS&111-HR-4337-ENR","111-S-3948&111-HR-4337",24
"111-S-3938-IS","111-HR-5591-ENR","111-S-3938-IS&111-HR-5591-ENR","111-S-3938&111-HR-5591",24
"111-HR-6081-RH","111-S-3751-ENR","111-HR-6081-RH&111-S-3751-ENR","111-HR-6081&111-S-3751",24
"111-S-3853-IS","111-HR-2142-ENR","111-S-3853-IS&111-HR-2142-ENR","111-S-3853&111-HR-2142",24
"111-S-3841-IS","111-HR-5566-ENR","111-S-3841-IS&111-HR-5566-ENR","111-S-3841&111-HR-5566",24
"111-HR-6197-IH","111-S-3802-ENR","111-HR-6197-IH&111-S-3802-ENR","111-HR-6197&111-S-3802",24
"111-S-3581-RS","111-S-3847-ENR","111-S-3581-RS&111-S-3847-ENR","111-S-3581&111-S-3847",24
"111-HR-2092-RS","111-HR-6278-ENR","111-HR-2092-RS&111-HR-6278-ENR","111-HR-2092&111-HR-6278",24
"111-S-2871-RS","111-HR-81-ENR","111-S-2871-RS&111-HR-81-ENR","111-S-2871&111-HR-81",24
"111-S-3782-IS","111-HR-6102-ENR","111-S-3782-IS&111-HR-6102-ENR","111-S-3782&111-HR-6102",24
"111-S-3084-RS","111-HR-5297-ENR","111-S-3084-RS&111-HR-5297-ENR","111-S-3084&111-HR-5297",24
"111-S-2917-ES","111-HR-5297-ENR","111-S-2917-ES&111-HR-5297-ENR","111-S-2917&111-HR-5297",24
"111-HR-6083-IH","111-S-3751-ENR","111-HR-6083-IH&111-S-3751-ENR","111-HR-6083&111-S-3751",24
"111-HR-6086-IH","111-S-3717-ENR","111-HR-6086-IH&111-S-3717-ENR","111-HR-6086&111-S-3717",21
"111-HR-6093-IH","111-HR-3082-ENR","111-HR-6093-IH&111-HR-3082-ENR","111-HR-6093&111-HR-3082",24
"111-HR-5875-EAS","111-HR-6080-ENR","111-HR-5875-EAS&111-HR-6080-ENR","111-HR-5875&111-HR-6080",24
"111-S-3611-ES","111-HR-2701-ENR","111-S-3611-ES&111-HR-2701-ENR","111-S-3611&111-HR-2701",24
"111-S-3721-IS","111-HR-6080-ENR","111-S-3721-IS&111-HR-6080-ENR","111-S-3721&111-HR-6080",24
"111-S-3682-IS","111-HR-146-ENR","111-S-3682-IS&111-HR-146-ENR","111-S-3682&111-HR-146",24
"111-HR-6039-IH","111-HR-146-ENR","111-HR-6039-IH&111-HR-146-ENR","111-HR-6039&111-HR-146",24
"111-HR-5850-EH","111-HR-3288-ENR","111-HR-5850-EH&111-HR-3288-ENR","111-HR-5850&111-HR-3288",24
"111-HR-5954-IH","111-HR-3590-ENR","111-HR-5954-IH&111-HR-3590-ENR","111-HR-5954&111-HR-3590",23
"111-HR-5966-IH","111-HR-2701-ENR","111-HR-5966-IH&111-HR-2701-ENR","111-HR-5966&111-HR-2701",15
"111-HR-5822-EH","111-HR-3288-ENR","111-HR-5822-EH&111-HR-3288-ENR","111-HR-5822&111-HR-3288",24
"111-HR-5874-EH","111-HR-3288-ENR","111-HR-5874-EH&111-HR-3288-ENR","111-HR-5874&111-HR-3288",24
"111-HR-5849-EH","111-S-1513-ENR","111-HR-5849-EH&111-S-1513-ENR","111-HR-5849&111-S-1513",24
"111-HR-3101-EH","111-S-3304-ENR","111-HR-3101-EH&111-S-3304-ENR","111-HR-3101&111-S-3304",24
"111-HR-5852-IH","111-S-3656-ENR","111-HR-5852-IH&111-S-3656-ENR","111-HR-5852&111-S-3656",24
"111-HR-5826-IH","111-S-3447-ENR","111-HR-5826-IH&111-S-3447-ENR","111-HR-5826&111-S-3447",24
"111-HR-5832-IH","111-HR-5297-ENR","111-HR-5832-IH&111-HR-5297-ENR","111-HR-5832&111-HR-5297",24
"111-S-3630-IS","111-HR-5116-ENR","111-S-3630-IS&111-HR-5116-ENR","111-S-3630&111-HR-5116",24
"111-HR-5793-IH","111-HR-1586-ENR","111-HR-5793-IH&111-HR-1586-ENR","111-HR-5793&111-HR-1586",24
"111-HR-5797-IH","111-HR-5297-ENR","111-HR-5797-IH&111-HR-5297-ENR","111-HR-5797&111-HR-5297",23
"111-S-3620-IS","111-HR-5116-ENR","111-S-3620-IS&111-HR-5116-ENR","111-S-3620&111-HR-5116",24
"111-HR-5744-IH","111-HR-4853-ENR","111-HR-5744-IH&111-HR-4853-ENR","111-HR-5744&111-HR-4853",24
"111-HR-5745-IH","111-HR-4899-ENR","111-HR-5745-IH&111-HR-4899-ENR","111-HR-5745&111-HR-4899",24
"111-HR-5712-EH","111-HR-4994-ENR","111-HR-5712-EH&111-HR-4994-ENR","111-HR-5712&111-HR-4994",21
"111-HR-5739-IH","111-S-832-ENR","111-HR-5739-IH&111-S-832-ENR","111-HR-5739&111-S-832",24
"111-HR-5723-IH","111-S-3567-ENR","111-HR-5723-IH&111-S-3567-ENR","111-HR-5723&111-S-3567",24
"111-HR-5618-EH","111-HR-4213-ENR","111-HR-5618-EH&111-HR-4213-ENR","111-HR-5618&111-HR-4213",24
"111-HR-5700-IH","111-HR-6523-ENR","111-HR-5700-IH&111-HR-6523-ENR","111-HR-5700&111-HR-6523",24
"111-HR-5642-IH","111-HR-3219-ENR","111-HR-5642-IH&111-HR-3219-ENR","111-HR-5642&111-HR-3219",24
"111-S-3555-IS","111-HR-5651-ENR","111-S-3555-IS&111-HR-5651-ENR","111-S-3555&111-HR-5651",24
"111-S-3549-IS","111-HR-5502-ENR","111-S-3549-IS&111-HR-5502-ENR","111-S-3549&111-HR-5502",24
"111-S-3249-ES","111-HR-1746-ENR","111-S-3249-ES&111-HR-1746-ENR","111-S-3249&111-HR-1746",24
"111-S-3530-IS","111-HR-5116-ENR","111-S-3530-IS&111-HR-5116-ENR","111-S-3530&111-HR-5116",24
"111-HR-5589-IH","111-HR-2131-ENR","111-HR-5589-IH&111-HR-2131-ENR","111-HR-5589&111-HR-2131",24
"111-S-3518-IS","111-HR-2765-ENR","111-S-3518-IS&111-HR-2765-ENR","111-S-3518&111-HR-2765",24
"111-S-3513-IS","111-HR-5297-ENR","111-S-3513-IS&111-HR-5297-ENR","111-S-3513&111-HR-5297",24
"111-HR-5499-IH","111-S-3473-ENR","111-HR-5499-IH&111-S-3473-ENR","111-HR-5499&111-S-3473",24
"111-HR-5504-IH","111-S-3307-ENR","111-HR-5504-IH&111-S-3307-ENR","111-HR-5504&111-S-3307",16
"111-S-3465-IS","111-HR-5099-ENR","111-S-3465-IS&111-HR-5099-ENR","111-S-3465&111-HR-5099",24
"111-S-3467-IS","111-HR-4748-ENR","111-S-3467-IS&111-HR-4748-ENR","111-S-3467&111-HR-4748",24
"111-HR-5471-IH","111-HR-1586-ENR","111-HR-5471-IH&111-HR-1586-ENR","111-HR-5471&111-HR-1586",24
"111-S-2874-ES","111-HR-3951-ENR","111-S-2874-ES&111-HR-3951-ENR","111-S-2874&111-HR-3951",24
"111-S-3200-ES","111-HR-5051-ENR","111-S-3200-ES&111-HR-5051-ENR","111-S-3200&111-HR-5051",24
"111-S-707-ES","111-HR-1722-ENR","111-S-707-ES&111-HR-1722-ENR","111-S-707&111-HR-1722",24
"111-S-3388-IS","111-HR-6523-ENR","111-S-3388-IS&111-HR-6523-ENR","111-S-3388&111-HR-6523",24
"111-HR-5332-IH","111-HR-5297-ENR","111-HR-5332-IH&111-HR-5297-ENR","111-HR-5332&111-HR-5297",24
"111-S-2945-RS","111-HR-3250-ENR","111-S-2945-RS&111-HR-3250-ENR","111-S-2945&111-HR-3250",24
"111-S-3012-RS","111-HR-4425-ENR","111-S-3012-RS&111-HR-4425-ENR","111-S-3012&111-HR-4425",24
"111-S-3013-RS","111-HR-4628-ENR","111-S-3013-RS&111-HR-4628-ENR","111-S-3013&111-HR-4628",24
"111-HR-5302-IH","111-HR-5297-ENR","111-HR-5302-IH&111-HR-5297-ENR","111-HR-5302&111-HR-5297",24
"111-HR-5289-IH","111-S-3874-ENR","111-HR-5289-IH&111-S-3874-ENR","111-HR-5289&111-S-3874",24
"111-S-3340-IS","111-HR-5116-ENR","111-S-3340-IS&111-HR-5116-ENR","111-S-3340&111-HR-5116",24
"111-HR-5230-IH","111-HR-6523-ENR","111-HR-5230-IH&111-HR-6523-ENR","111-HR-5230&111-HR-6523",24
"111-S-3291-IS","111-HR-146-ENR","111-S-3291-IS&111-HR-146-ENR","111-S-3291&111-HR-146",23
"111-HR-3393-EH","111-S-1508-ENR","111-HR-3393-EH&111-S-1508-ENR","111-HR-3393&111-S-1508",24
"111-S-3275-IS","111-HR-5160-ENR","111-S-3275-IS&111-HR-5160-ENR","111-S-3275&111-HR-5160",24
"111-HR-5144-IH","111-HR-146-ENR","111-HR-5144-IH&111-HR-146-ENR","111-HR-5144&111-HR-146",24
"111-S-3261-IS","111-HR-146-ENR","111-S-3261-IS&111-HR-146-ENR","111-S-3261&111-HR-146",24
"111-S-3258-IS","111-HR-4173-ENR","111-S-3258-IS&111-HR-4173-ENR","111-S-3258&111-HR-4173",24
"111-HR-5131-IH","111-HR-146-ENR","111-HR-5131-IH&111-HR-146-ENR","111-HR-5131&111-HR-146",22
"111-HR-5132-IH","111-HR-5116-ENR","111-HR-5132-IH&111-HR-5116-ENR","111-HR-5132&111-HR-5116",24
"111-S-3244-ES","111-HR-5146-ENR","111-S-3244-ES&111-HR-5146-ENR","111-S-3244&111-HR-5146",24
"111-S-3246-IS","111-HR-3553-ENR","111-S-3246-IS&111-HR-3553-ENR","111-S-3246&111-HR-3553",24
"111-S-3248-IS","111-HR-5128-ENR","111-S-3248-IS&111-HR-5128-ENR","111-S-3248&111-HR-5128",23
"111-S-3216-IS","111-HR-3590-ENR","111-S-3216-IS&111-HR-3590-ENR","111-S-3216&111-HR-3590",24
"111-HR-4998-IH","111-HR-5116-ENR","111-HR-4998-IH&111-HR-5116-ENR","111-HR-4998&111-HR-5116",24
"111-HR-4957-EH","111-HR-4217-ENR","111-HR-4957-EH&111-HR-4217-ENR","111-HR-4957&111-HR-4217",22
"111-HR-4968-IH","111-HR-5116-ENR","111-HR-4968-IH&111-HR-5116-ENR","111-HR-4968&111-HR-5116",24
"111-S-3165-IS","111-HR-5297-ENR","111-S-3165-IS&111-HR-5297-ENR","111-S-3165&111-HR-5297",24
"111-S-3173-IS","111-HR-4851-ENR","111-S-3173-IS&111-HR-4851-ENR","111-S-3173&111-HR-4851",19
"111-S-3187-ES","111-HR-4217-ENR","111-S-3187-ES&111-HR-4217-ENR","111-S-3187&111-HR-4217",22
"111-S-3187-ES","111-HR-4957-ENR","111-S-3187-ES&111-HR-4957-ENR","111-S-3187&111-HR-4957",24
"111-HR-4928-IH","111-HR-4173-ENR","111-HR-4928-IH&111-HR-4173-ENR","111-HR-4928&111-HR-4173",24
"111-HR-4592-EH","111-HR-3219-ENR","111-HR-4592-EH&111-HR-3219-ENR","111-HR-4592&111-HR-3219",24
"111-HR-4916-IH","111-S-1448-ENR","111-HR-4916-IH&111-S-1448-ENR","111-HR-4916&111-S-1448",24
"111-HR-4667-EH","111-S-407-ENR","111-HR-4667-EH&111-S-407-ENR","111-HR-4667&111-S-407",24
"111-S-3148-IS","111-HR-4887-ENR","111-S-3148-IS&111-HR-4887-ENR","111-S-3148&111-HR-4887",24
"111-S-3123-IS","111-S-3307-ENR","111-S-3123-IS&111-S-3307-ENR","111-S-3123&111-S-3307",24
"111-S-3124-IS","111-S-3307-ENR","111-S-3124-IS&111-S-3307-ENR","111-S-3124&111-S-3307",24
"111-S-3128-IS","111-S-3307-ENR","111-S-3128-IS&111-S-3307-ENR","111-S-3128&111-S-3307",24
"111-S-3107-IS","111-HR-4667-ENR","111-S-3107-IS&111-HR-4667-ENR","111-S-3107&111-HR-4667",24
"111-S-3107-IS","111-S-407-ENR","111-S-3107-IS&111-S-407-ENR","111-S-3107&111-S-407",24
"111-HR-4786-EH","111-HR-4851-ENR","111-HR-4786-EH&111-HR-4851-ENR","111-HR-4786&111-HR-4851",24
"111-HR-4805-IH","111-S-1660-ENR","111-HR-4805-IH&111-S-1660-ENR","111-HR-4805&111-S-1660",24
"111-S-3103-IS","111-HR-5297-ENR","111-S-3103-IS&111-HR-5297-ENR","111-S-3103&111-HR-5297",24
"111-S-443-RS","111-HR-1061-ENR","111-S-443-RS&111-HR-1061-ENR","111-S-443&111-HR-1061",24
"111-HR-4777-IH","111-HR-2847-ENR","111-HR-4777-IH&111-HR-2847-ENR","111-HR-4777&111-HR-2847",24
"111-S-3074-IS","111-HR-5146-ENR","111-S-3074-IS&111-HR-5146-ENR","111-S-3074&111-HR-5146",24
"111-HR-4694-IH","111-HR-4173-ENR","111-HR-4694-IH&111-HR-4173-ENR","111-HR-4694&111-HR-4173",24
"111-S-3034-IS","111-HR-4684-ENR","111-S-3034-IS&111-HR-4684-ENR","111-S-3034&111-HR-4684",24
"111-HR-4665-IH","111-HR-5051-ENR","111-HR-4665-IH&111-HR-5051-ENR","111-HR-4665&111-HR-5051",24
"111-HR-4633-IH","111-HR-2847-ENR","111-HR-4633-IH&111-HR-2847-ENR","111-HR-4633&111-HR-2847",24
"111-HR-4607-IH","111-S-3307-ENR","111-HR-4607-IH&111-S-3307-ENR","111-HR-4607&111-S-3307",24
"111-S-2983-IS","111-HR-2847-ENR","111-S-2983-IS&111-HR-2847-ENR","111-S-2983&111-HR-2847",24
"111-S-2989-IS","111-HR-5297-ENR","111-S-2989-IS&111-HR-5297-ENR","111-S-2989&111-HR-5297",24
"111-S-850-RS","111-HR-81-ENR","111-S-850-RS&111-HR-81-ENR","111-S-850&111-HR-81",24
"111-S-2964-IS","111-HR-3590-ENR","111-S-2964-IS&111-HR-3590-ENR","111-S-2964&111-HR-3590",24
"111-S-2967-IS","111-HR-3590-ENR","111-S-2967-IS&111-HR-3590-ENR","111-S-2967&111-HR-3590",16
"111-S-2969-IS","111-HR-4173-ENR","111-S-2969-IS&111-HR-4173-ENR","111-S-2969&111-HR-4173",24
"111-HR-4544-IH","111-S-2781-ENR","111-HR-4544-IH&111-S-2781-ENR","111-HR-4544&111-S-2781",13
"111-HR-4515-IH","111-S-2968-ENR","111-HR-4515-IH&111-S-2968-ENR","111-HR-4515&111-S-2968",24
"111-S-2950-ES","111-S-3998-ENR","111-S-2950-ES&111-S-3998-ENR","111-S-2950&111-S-3998",24
"111-HR-4482-IH","111-HR-4173-ENR","111-HR-4482-IH&111-HR-4173-ENR","111-HR-4482&111-HR-4173",24
"111-HR-4427-IH","111-HR-2647-ENR","111-HR-4427-IH&111-HR-2647-ENR","111-HR-4427&111-HR-2647",24
"111-S-2922-IS","111-HR-3590-ENR","111-S-2922-IS&111-HR-3590-ENR","111-S-2922&111-HR-3590",24
"111-HR-1147-EH","111-HR-6533-ENR","111-HR-1147-EH&111-HR-6533-ENR","111-HR-1147&111-HR-6533",24
"111-HR-1084-EH","111-S-2847-ENR","111-HR-1084-EH&111-S-2847-ENR","111-HR-1084&111-S-2847",24
"111-HR-4313-IH","111-HR-3590-ENR","111-HR-4313-IH&111-HR-3590-ENR","111-HR-4313&111-HR-3590",24
"111-HR-4302-IH","111-HR-5297-ENR","111-HR-4302-IH&111-HR-5297-ENR","111-HR-4302&111-HR-5297",24
"111-HR-4304-IH","111-HR-146-ENR","111-HR-4304-IH&111-HR-146-ENR","111-HR-4304&111-HR-146",20
"111-S-2869-IS","111-HR-5297-ENR","111-S-2869-IS&111-HR-5297-ENR","111-S-2869&111-HR-5297",24
"111-S-2862-IS","111-HR-5297-ENR","111-S-2862-IS&111-HR-5297-ENR","111-S-2862&111-HR-5297",24
"111-HR-4217-EH","111-HR-6473-ENR","111-HR-4217-EH&111-HR-6473-ENR","111-HR-4217&111-HR-6473",24
"111-HR-3570-EH","111-S-3333-ENR","111-HR-3570-EH&111-S-3333-ENR","111-HR-3570&111-S-3333",24
"111-HR-4154-EH","111-HJRES-45-ENR","111-HR-4154-EH&111-HJRES-45-ENR","111-HR-4154&111-HJRES-45",24
"111-HR-3618-EH","111-HR-3619-ENR","111-HR-3618-EH&111-HR-3619-ENR","111-HR-3618&111-HR-3619",24
"111-S-2780-IS","111-HR-5297-ENR","111-S-2780-IS&111-HR-5297-ENR","111-S-2780&111-HR-5297",24
"111-HR-1506-EH","111-S-692-ENR","111-HR-1506-EH&111-S-692-ENR","111-HR-1506&111-S-692",24
"111-HR-4068-IH","111-HR-5297-ENR","111-HR-4068-IH&111-HR-5297-ENR","111-HR-4068&111-HR-5297",24
"111-S-2771-IS","111-HR-5297-ENR","111-S-2771-IS&111-HR-5297-ENR","111-S-2771&111-HR-5297",24
"111-S-2764-IS","111-S-3333-ENR","111-S-2764-IS&111-S-3333-ENR","111-S-2764&111-S-3333",24
"111-HR-4067-IH","111-HR-4173-ENR","111-HR-4067-IH&111-HR-4173-ENR","111-HR-4067&111-HR-4173",24
"111-S-2733-IS","111-HR-4173-ENR","111-S-2733-IS&111-HR-4173-ENR","111-S-2733&111-HR-4173",22
"111-HR-3997-IH","111-S-1860-ENR","111-HR-3997-IH&111-S-1860-ENR","111-HR-3997&111-S-1860",24
"111-S-1194-RS","111-HR-3619-ENR","111-S-1194-RS&111-HR-3619-ENR","111-S-1194&111-HR-3619",24
"111-S-2490-IS","111-HR-4380-ENR","111-S-2490-IS&111-HR-4380-ENR","111-S-2490&111-HR-4380",23
"111-S-2491-IS","111-HR-4380-ENR","111-S-2491-IS&111-HR-4380-ENR","111-S-2491&111-HR-4380",21
"111-S-797-RS","111-HR-725-ENR","111-S-797-RS&111-HR-725-ENR","111-S-797&111-HR-725",24
"111-S-1959-IS","111-HR-3590-ENR","111-S-1959-IS&111-HR-3590-ENR","111-S-1959&111-HR-3590",24
"111-HR-3933-IH","111-HR-2847-ENR","111-HR-3933-IH&111-HR-2847-ENR","111-HR-3933&111-HR-2847",24
"111-S-1934-IS","111-HR-2847-ENR","111-S-1934-IS&111-HR-2847-ENR","111-S-1934&111-HR-2847",24
"111-HR-3901-IH","111-HR-3548-ENR","111-HR-3901-IH&111-HR-3548-ENR","111-HR-3901&111-HR-3548",24
"111-HR-3910-IH","111-S-1609-ENR","111-HR-3910-IH&111-S-1609-ENR","111-HR-3910&111-S-1609",24
"111-HR-3792-RH","111-S-1793-ENR","111-HR-3792-RH&111-S-1793-ENR","111-HR-3792&111-S-1793",24
"111-HR-3371-EH","111-HR-5900-ENR","111-HR-3371-EH&111-HR-5900-ENR","111-HR-3371&111-HR-5900",24
"111-S-507-RS","111-HR-2647-ENR","111-S-507-RS&111-HR-2647-ENR","111-S-507&111-HR-2647",24
"111-HR-3796-IH","111-S-1963-ENR","111-HR-3796-IH&111-S-1963-ENR","111-HR-3796&111-S-1963",24
"111-HR-3590-EH","111-HR-3548-ENR","111-HR-3590-EH&111-HR-3548-ENR","111-HR-3590&111-HR-3548",23
"111-HR-3766-IH","111-HR-4173-ENR","111-HR-3766-IH&111-HR-4173-ENR","111-HR-3766&111-HR-4173",13
"111-S-1767-IS","111-HR-1121-ENR","111-S-1767-IS&111-HR-1121-ENR","111-S-1767&111-HR-1121",24
"111-HR-1035-EAH","111-HR-1299-ENR","111-HR-1035-EAH&111-HR-1299-ENR","111-HR-1035&111-HR-1299",15
"111-HR-3688-IH","111-HR-3590-ENR","111-HR-3688-IH&111-HR-3590-ENR","111-HR-3688&111-HR-3590",24
"111-S-1739-RS","111-HR-3714-ENR","111-S-1739-RS&111-HR-3714-ENR","111-S-1739&111-HR-3714",24
"111-S-1728-IS","111-HR-3548-ENR","111-S-1728-IS&111-HR-3548-ENR","111-S-1728&111-HR-3548",23
"111-S-1716-IS","111-HR-2131-ENR","111-S-1716-IS&111-HR-2131-ENR","111-S-1716&111-HR-2131",24
"111-HR-3642-IH","111-S-1707-ENR","111-HR-3642-IH&111-S-1707-ENR","111-HR-3642&111-S-1707",24
"111-HR-3607-EH","111-HR-6190-ENR","111-HR-3607-EH&111-HR-6190-ENR","111-HR-3607&111-HR-6190",23
"111-HR-3633-IH","111-S-1694-ENR","111-HR-3633-IH&111-S-1694-ENR","111-HR-3633&111-S-1694",24
"111-HR-2971-EH","111-S-1314-ENR","111-HR-2971-EH&111-S-1314-ENR","111-HR-2971&111-S-1314",24
"111-S-1682-IS","111-HR-4173-ENR","111-S-1682-IS&111-HR-4173-ENR","111-S-1682&111-HR-4173",14
"111-S-1683-IS","111-HR-4173-ENR","111-S-1683-IS&111-HR-4173-ENR","111-S-1683&111-HR-4173",24
"111-HR-3581-IH","111-S-1599-ENR","111-HR-3581-IH&111-S-1599-ENR","111-HR-3581&111-S-1599",24
"111-HR-2947-EH","111-HR-4173-ENR","111-HR-2947-EH&111-HR-4173-ENR","111-HR-2947&111-HR-4173",24
"111-HR-3556-IH","111-HR-3590-ENR","111-HR-3556-IH&111-HR-3590-ENR","111-HR-3556&111-HR-3590",24
"111-S-1023-ES","111-HR-1299-ENR","111-S-1023-ES&111-HR-1299-ENR","111-S-1023&111-HR-1299",24
"111-S-1650-IS","111-S-3307-ENR","111-S-1650-IS&111-S-3307-ENR","111-S-1650&111-S-3307",24
"111-S-588-RS","111-HR-3360-ENR","111-S-588-RS&111-HR-3360-ENR","111-S-588&111-HR-3360",24
"111-S-1600-IS","111-HJRES-45-ENR","111-S-1600-IS&111-HJRES-45-ENR","111-S-1600&111-HJRES-45",24
"111-S-1628-IS","111-HR-3590-ENR","111-S-1628-IS&111-HR-3590-ENR","111-S-1628&111-HR-3590",15
"111-S-1567-IS","111-HR-1454-ENR","111-S-1567-IS&111-HR-1454-ENR","111-S-1567&111-HR-1454",24
"111-HR-3403-IH","111-HR-2647-ENR","111-HR-3403-IH&111-HR-2647-ENR","111-HR-3403&111-HR-2647",24
"111-S-1543-IS","111-HR-2647-ENR","111-S-1543-IS&111-HR-2647-ENR","111-S-1543&111-HR-2647",24
"111-HR-1665-EH","111-HR-3619-ENR","111-HR-1665-EH&111-HR-3619-ENR","111-HR-1665&111-HR-3619",24
"111-HR-2623-EH","111-HR-4173-ENR","111-HR-2623-EH&111-HR-4173-ENR","111-HR-2623&111-HR-4173",24
"111-HR-1035-EH","111-S-1818-ENR","111-HR-1035-EH&111-S-1818-ENR","111-HR-1035&111-S-1818",24
"111-HR-2770-EH","111-S-1963-ENR","111-HR-2770-EH&111-S-1963-ENR","111-HR-2770&111-S-1963",24
"111-HR-3293-RS","111-HR-3288-ENR","111-HR-3293-RS&111-HR-3288-ENR","111-HR-3293&111-HR-3288",24
"111-HR-3346-IH","111-HR-4173-ENR","111-HR-3346-IH&111-HR-4173-ENR","111-HR-3346&111-HR-4173",24
"111-S-151-ES","111-HR-725-ENR","111-S-151-ES&111-HR-725-ENR","111-S-151&111-HR-725",24
"111-S-1513-ES","111-HR-5849-ENR","111-S-1513-ES&111-HR-5849-ENR","111-S-1513&111-HR-5849",24
"111-S-252-RS","111-S-1963-ENR","111-S-252-RS&111-S-1963-ENR","111-S-252&111-S-1963",16
"111-S-1391-ES","111-HR-2647-ENR","111-S-1391-ES&111-HR-2647-ENR","111-S-1391&111-HR-2647",19
"111-S-1392-ES","111-HR-2647-ENR","111-S-1392-ES&111-HR-2647-ENR","111-S-1392&111-HR-2647",24
"111-S-1393-ES","111-HR-2647-ENR","111-S-1393-ES&111-HR-2647-ENR","111-S-1393&111-HR-2647",24
"111-HR-1675-EH","111-S-1481-ENR","111-HR-1675-EH&111-S-1481-ENR","111-HR-1675&111-S-1481",24
"111-HR-2920-EH","111-HJRES-45-ENR","111-HR-2920-EH&111-HJRES-45-ENR","111-HR-2920&111-HJRES-45",24
"111-HR-3281-IH","111-S-1963-ENR","111-HR-3281-IH&111-S-1963-ENR","111-HR-3281&111-S-1963",24
"111-HR-3283-IH","111-S-1963-ENR","111-HR-3283-IH&111-S-1963-ENR","111-HR-3283&111-S-1963",22
"111-S-1483-IS","111-S-1963-ENR","111-S-1483-IS&111-S-1963-ENR","111-S-1483&111-S-1963",23
"111-S-1489-IS","111-HR-5297-ENR","111-S-1489-IS&111-HR-5297-ENR","111-S-1489&111-HR-5297",24
"111-S-1473-IS","111-HR-3590-ENR","111-S-1473-IS&111-HR-3590-ENR","111-S-1473&111-HR-3590",13
"111-HR-3256-IH","111-HR-3590-ENR","111-HR-3256-IH&111-HR-3590-ENR","111-HR-3256&111-HR-3590",24
"111-HR-3242-IH","111-HR-3590-ENR","111-HR-3242-IH&111-HR-3590-ENR","111-HR-3242&111-HR-3590",24
"111-HR-1044-EH","111-HR-2647-ENR","111-HR-1044-EH&111-HR-2647-ENR","111-HR-1044&111-HR-2647",14
"111-HR-402-EH","111-S-1963-ENR","111-HR-402-EH&111-S-1963-ENR","111-HR-402&111-S-1963",24
"111-S-1449-IS","111-S-832-ENR","111-S-1449-IS&111-S-832-ENR","111-S-1449&111-S-832",24
"111-S-1455-IS","111-S-832-ENR","111-S-1455-IS&111-S-832-ENR","111-S-1455&111-S-832",24
"111-HR-3082-EH","111-HR-3288-ENR","111-HR-3082-EH&111-HR-3288-ENR","111-HR-3082&111-HR-3288",24
"111-HR-3170-RH","111-HR-3288-ENR","111-HR-3170-RH&111-HR-3288-ENR","111-HR-3170&111-HR-3288",24
"111-HR-3173-IH","111-S-1421-ENR","111-HR-3173-IH&111-S-1421-ENR","111-HR-3173&111-S-1421",24
"111-HR-3081-EH","111-HR-3288-ENR","111-HR-3081-EH&111-HR-3288-ENR","111-HR-3081&111-HR-3288",24
"111-HR-3138-IH","111-HR-3590-ENR","111-HR-3138-IH&111-HR-3590-ENR","111-HR-3138&111-HR-3590",24
"111-HR-3160-IH","111-HR-3288-ENR","111-HR-3160-IH&111-HR-3288-ENR","111-HR-3160&111-HR-3288",24
"111-S-1423-IS","111-HR-3590-ENR","111-S-1423-IS&111-HR-3590-ENR","111-S-1423&111-HR-3590",24
"111-S-1437-IS","111-HR-2892-ENR","111-S-1437-IS&111-HR-2892-ENR","111-S-1437&111-HR-2892",24
"111-HR-3133-IH","111-S-1289-ENR","111-HR-3133-IH&111-S-1289-ENR","111-HR-3133&111-S-1289",24
"111-S-1415-IS","111-HR-2647-ENR","111-S-1415-IS&111-HR-2647-ENR","111-S-1415&111-HR-2647",24
"111-HR-3068-IH","111-HR-4173-ENR","111-HR-3068-IH&111-HR-4173-ENR","111-HR-3068&111-HR-4173",20
"111-HR-2847-RS","111-HR-3288-ENR","111-HR-2847-RS&111-HR-3288-ENR","111-HR-2847&111-HR-3288",24
"111-S-1358-ES","111-HR-3114-ENR","111-S-1358-ES&111-HR-3114-ENR","111-S-1358&111-HR-3114",23
"111-S-1363-IS","111-HR-4173-ENR","111-S-1363-IS&111-HR-4173-ENR","111-S-1363&111-HR-4173",24
"111-S-1384-IS","111-HR-3590-ENR","111-S-1384-IS&111-HR-3590-ENR","111-S-1384&111-HR-3590",20
"111-HR-2990-IH","111-HR-2647-ENR","111-HR-2990-IH&111-HR-2647-ENR","111-HR-2990&111-HR-2647",24
"111-HR-2994-IH","111-S-3333-ENR","111-HR-2994-IH&111-S-3333-ENR","111-HR-2994&111-S-3333",24
"111-S-1322-IS","111-HR-2647-ENR","111-S-1322-IS&111-HR-2647-ENR","111-S-1322&111-HR-2647",24
"111-HR-2983-IH","111-HR-2647-ENR","111-HR-2983-IH&111-HR-2647-ENR","111-HR-2983&111-HR-2647",15
"111-S-814-ES","111-HR-838-ENR","111-S-814-ES&111-HR-838-ENR","111-S-814&111-HR-838",24
"111-S-1292-IS","111-S-3397-ENR","111-S-1292-IS&111-S-3397-ENR","111-S-1292&111-S-3397",24
"111-HR-2901-IH","111-HR-3619-ENR","111-HR-2901-IH&111-HR-3619-ENR","111-HR-2901&111-HR-3619",24
"111-S-1274-IS","111-HR-2892-ENR","111-S-1274-IS&111-HR-2892-ENR","111-S-1274&111-HR-2892",24
"111-HR-2836-IH","111-HR-2647-ENR","111-HR-2836-IH&111-HR-2647-ENR","111-HR-2836&111-HR-2647",24
"111-S-1239-IS","111-HR-3590-ENR","111-S-1239-IS&111-HR-3590-ENR","111-S-1239&111-HR-3590",24
"111-S-1256-IS","111-HR-3590-ENR","111-S-1256-IS&111-HR-3590-ENR","111-S-1256&111-HR-3590",13
"111-HR-2774-IH","111-HR-3219-ENR","111-HR-2774-IH&111-HR-3219-ENR","111-HR-2774&111-HR-3219",24
"111-HR-1709-EH","111-HR-5116-ENR","111-HR-1709-EH&111-HR-5116-ENR","111-HR-1709&111-HR-5116",24
"111-S-1207-IS","111-HR-2647-ENR","111-S-1207-IS&111-HR-2647-ENR","111-S-1207&111-HR-2647",24
"111-S-1210-IS","111-HR-5116-ENR","111-S-1210-IS&111-HR-5116-ENR","111-S-1210&111-HR-5116",24
"111-S-256-ES","111-HR-2923-ENR","111-S-256-ES&111-HR-2923-ENR","111-S-256&111-HR-2923",24
"111-HR-2722-IH","111-S-1963-ENR","111-HR-2722-IH&111-S-1963-ENR","111-HR-2722&111-S-1963",24
"111-HR-2689-IH","111-HR-2647-ENR","111-HR-2689-IH&111-HR-2647-ENR","111-HR-2689&111-HR-2647",24
"111-HR-2650-IH","111-HR-3619-ENR","111-HR-2650-IH&111-HR-3619-ENR","111-HR-2650&111-HR-3619",24
"111-HR-2652-IH","111-HR-3619-ENR","111-HR-2652-IH&111-HR-3619-ENR","111-HR-2652&111-HR-3619",24
"111-HR-1676-EH","111-S-1147-ENR","111-HR-1676-EH&111-S-1147-ENR","111-HR-1676&111-S-1147",24
"111-HR-2571-IH","111-HR-4173-ENR","111-HR-2571-IH&111-HR-4173-ENR","111-HR-2571&111-HR-4173",24
"111-HR-2577-IH","111-HR-2647-ENR","111-HR-2577-IH&111-HR-2647-ENR","111-HR-2577&111-HR-2647",24
"111-S-1115-IS","111-HR-3288-ENR","111-S-1115-IS&111-HR-3288-ENR","111-S-1115&111-HR-3288",24
"111-S-1124-IS","111-HR-3619-ENR","111-S-1124-IS&111-HR-3619-ENR","111-S-1124&111-HR-3619",24
"111-S-1126-IS","111-HR-2647-ENR","111-S-1126-IS&111-HR-2647-ENR","111-S-1126&111-HR-2647",24
"111-S-1130-IS","111-HR-3590-ENR","111-S-1130-IS&111-HR-3590-ENR","111-S-1130&111-HR-3590",15
"111-S-1145-IS","111-HR-2344-ENR","111-S-1145-IS&111-HR-2344-ENR","111-S-1145&111-HR-2344",24
"111-HR-2525-IH","111-HR-3590-ENR","111-HR-2525-IH&111-HR-3590-ENR","111-HR-2525&111-HR-3590",24
"111-S-1108-IS","111-HR-3590-ENR","111-S-1108-IS&111-HR-3590-ENR","111-S-1108&111-HR-3590",24
"111-S-1070-IS","111-HR-627-ENR","111-S-1070-IS&111-HR-627-ENR","111-S-1070&111-HR-627",24
"111-HR-2461-IH","111-HR-3219-ENR","111-HR-2461-IH&111-HR-3219-ENR","111-HR-2461&111-HR-3219",24
"111-HR-2452-IH","111-HR-3548-ENR","111-HR-2452-IH&111-HR-3548-ENR","111-HR-2452&111-HR-3548",18
"111-S-1041-IS","111-HR-3619-ENR","111-S-1041-IS&111-HR-3619-ENR","111-S-1041&111-HR-3619",24
"111-HR-2351-IH","111-S-896-ENR","111-HR-2351-IH&111-S-896-ENR","111-HR-2351&111-S-896",24
"111-HR-2358-IH","111-HR-3590-ENR","111-HR-2358-IH&111-HR-3590-ENR","111-HR-2358&111-HR-3590",24
"111-HR-2361-IH","111-S-1338-ENR","111-HR-2361-IH&111-S-1338-ENR","111-HR-2361&111-S-1338",24
"111-S-1022-IS","111-HR-3590-ENR","111-S-1022-IS&111-HR-3590-ENR","111-S-1022&111-HR-3590",24
"111-S-1015-IS","111-HR-3219-ENR","111-S-1015-IS&111-HR-3219-ENR","111-S-1015&111-HR-3219",24
"111-HR-1728-EH","111-HR-4173-ENR","111-HR-1728-EH&111-HR-4173-ENR","111-HR-1728&111-HR-4173",24
"111-S-982-IS","111-HR-1256-ENR","111-S-982-IS&111-HR-1256-ENR","111-S-982&111-HR-1256",24
"111-HR-2217-IH","111-HR-627-ENR","111-HR-2217-IH&111-HR-627-ENR","111-HR-2217&111-HR-627",24
"111-HR-2223-IH","111-HR-3590-ENR","111-HR-2223-IH&111-HR-3590-ENR","111-HR-2223&111-HR-3590",24
"111-HR-1913-EH","111-HR-2647-ENR","111-HR-1913-EH&111-HR-2647-ENR","111-HR-1913&111-HR-2647",24
"111-HR-2167-IH","111-HR-146-ENR","111-HR-2167-IH&111-HR-146-ENR","111-HR-2167&111-HR-146",24
"111-S-909-IS","111-HR-2647-ENR","111-S-909-IS&111-HR-2647-ENR","111-S-909&111-HR-2647",24
"111-HR-2079-IH","111-HR-2996-ENR","111-HR-2079-IH&111-HR-2996-ENR","111-HR-2079&111-HR-2996",24
"111-S-871-IS","111-HR-2996-ENR","111-S-871-IS&111-HR-2996-ENR","111-S-871&111-HR-2996",24
"111-S-860-IS","111-HR-3590-ENR","111-S-860-IS&111-HR-3590-ENR","111-S-860&111-HR-3590",24
"111-HR-2006-IH","111-HR-3590-ENR","111-HR-2006-IH&111-HR-3590-ENR","111-HR-2006&111-HR-3590",24
"111-HR-2014-IH","111-S-614-ENR","111-HR-2014-IH&111-S-614-ENR","111-HR-2014&111-S-614",24
"111-HR-2017-IH","111-S-832-ENR","111-HR-2017-IH&111-S-832-ENR","111-HR-2017&111-S-832",24
"111-HR-1877-IH","111-S-896-ENR","111-HR-1877-IH&111-S-896-ENR","111-HR-1877&111-S-896",24
"111-HR-1924-IH","111-HR-725-ENR","111-HR-1924-IH&111-HR-725-ENR","111-HR-1924&111-HR-725",24
"111-S-793-IS","111-S-1963-ENR","111-S-793-IS&111-S-1963-ENR","111-S-793&111-S-1963",23
"111-S-794-IS","111-HR-2647-ENR","111-S-794-IS&111-HR-2647-ENR","111-S-794&111-HR-2647",24
"111-S-795-IS","111-HR-3590-ENR","111-S-795-IS&111-HR-3590-ENR","111-S-795&111-HR-3590",24
"111-S-808-IS","111-S-896-ENR","111-S-808-IS&111-S-896-ENR","111-S-808&111-S-896",24
"111-S-823-IS","111-HR-3548-ENR","111-S-823-IS&111-HR-3548-ENR","111-S-823&111-HR-3548",18
"111-HR-1840-IH","111-S-735-ENR","111-HR-1840-IH&111-S-735-ENR","111-HR-1840&111-S-735",24
"111-HR-1852-IH","111-HR-2004-ENR","111-HR-1852-IH&111-HR-2004-ENR","111-HR-1852&111-HR-2004",23
"111-HR-1864-IH","111-HR-2647-ENR","111-HR-1864-IH&111-HR-2647-ENR","111-HR-1864&111-HR-2647",24
"111-HR-1171-EH","111-HR-3219-ENR","111-HR-1171-EH&111-HR-3219-ENR","111-HR-1171&111-HR-3219",24
"111-HR-1246-EH","111-S-3199-ENR","111-HR-1246-EH&111-S-3199-ENR","111-HR-1246&111-S-3199",24
"111-HR-1513-EH","111-HR-4667-ENR","111-HR-1513-EH&111-HR-4667-ENR","111-HR-1513&111-HR-4667",24
"111-HR-1513-EH","111-S-407-ENR","111-HR-1513-EH&111-S-407-ENR","111-HR-1513&111-S-407",24
"111-HR-20-EH","111-HR-3590-ENR","111-HR-20-EH&111-HR-3590-ENR","111-HR-20&111-HR-3590",23
"111-HR-756-EH","111-HR-3590-ENR","111-HR-756-EH&111-HR-3590-ENR","111-HR-756&111-HR-3590",13
"111-HR-1762-IH","111-S-39-ENR","111-HR-1762-IH&111-S-39-ENR","111-HR-1762&111-S-39",24
"111-S-731-IS","111-HR-2647-ENR","111-S-731-IS&111-HR-2647-ENR","111-S-731&111-HR-2647",24
"111-HR-608-RH","111-HR-146-ENR","111-HR-608-RH&111-HR-146-ENR","111-HR-608&111-HR-146",24
"111-HR-1688-IH","111-HR-2647-ENR","111-HR-1688-IH&111-HR-2647-ENR","111-HR-1688&111-HR-2647",24
"111-S-677-IS","111-HR-3590-ENR","111-S-677-IS&111-HR-3590-ENR","111-S-677&111-HR-3590",14
"111-HR-307-RH","111-HR-146-ENR","111-HR-307-RH&111-HR-146-ENR","111-HR-307&111-HR-146",24
"111-S-670-IS","111-HR-3590-ENR","111-S-670-IS&111-HR-3590-ENR","111-S-670&111-HR-3590",23
"111-HR-1650-IH","111-S-896-ENR","111-HR-1650-IH&111-S-896-ENR","111-HR-1650&111-S-896",24
"111-S-647-IS","111-HR-3590-ENR","111-S-647-IS&111-HR-3590-ENR","111-S-647&111-HR-3590",24
"111-S-660-IS","111-HR-3590-ENR","111-S-660-IS&111-HR-3590-ENR","111-S-660&111-HR-3590",13
"111-S-277-RS","111-HR-1388-ENR","111-S-277-RS&111-HR-1388-ENR","111-S-277&111-HR-1388",24
"111-S-629-IS","111-HR-2647-ENR","111-S-629-IS&111-HR-2647-ENR","111-S-629&111-HR-2647",24
"111-S-630-IS","111-HR-1626-ENR","111-S-630-IS&111-HR-1626-ENR","111-S-630&111-HR-1626",24
"111-S-631-IS","111-HR-3590-ENR","111-S-631-IS&111-HR-3590-ENR","111-S-631&111-HR-3590",24
"111-S-632-IS","111-HR-5552-ENR","111-S-632-IS&111-HR-5552-ENR","111-S-632&111-HR-5552",24
"111-HR-1546-IH","111-S-1963-ENR","111-HR-1546-IH&111-S-1963-ENR","111-HR-1546&111-S-1963",24
"111-HR-1559-IH","111-HR-146-ENR","111-HR-1559-IH&111-HR-146-ENR","111-HR-1559&111-HR-146",24
"111-HR-1570-IH","111-HR-3590-ENR","111-HR-1570-IH&111-HR-3590-ENR","111-HR-1570&111-HR-3590",14
"111-S-609-IS","111-HR-1388-ENR","111-S-609-IS&111-HR-1388-ENR","111-S-609&111-HR-1388",24
"111-S-612-IS","111-HR-2892-ENR","111-S-612-IS&111-HR-2892-ENR","111-S-612&111-HR-2892",24
"111-S-621-IS","111-HR-3590-ENR","111-S-621-IS&111-HR-3590-ENR","111-S-621&111-HR-3590",14
"111-HR-1460-IH","111-HR-3590-ENR","111-HR-1460-IH&111-HR-3590-ENR","111-HR-1460&111-HR-3590",24
"111-S-581-IS","111-HR-2997-ENR","111-S-581-IS&111-HR-2997-ENR","111-S-581&111-HR-2997",24
"111-HR-1435-IH","111-HR-146-ENR","111-HR-1435-IH&111-HR-146-ENR","111-HR-1435&111-HR-146",24
"111-HR-1415-IH","111-HR-3590-ENR","111-HR-1415-IH&111-HR-3590-ENR","111-HR-1415&111-HR-3590",15
"111-S-559-IS","111-HR-2647-ENR","111-S-559-IS&111-HR-2647-ENR","111-S-559&111-HR-2647",24
"111-S-563-IS","111-HR-1275-ENR","111-S-563-IS&111-HR-1275-ENR","111-S-563&111-HR-1275",24
"111-HR-1382-IH","111-HR-3183-ENR","111-HR-1382-IH&111-HR-3183-ENR","111-HR-1382&111-HR-3183",24
"111-HR-1402-IH","111-HR-3590-ENR","111-HR-1402-IH&111-HR-3590-ENR","111-HR-1402&111-HR-3590",13
"111-HR-1378-IH","111-HR-2751-ENR","111-HR-1378-IH&111-HR-2751-ENR","111-HR-1378&111-HR-2751",24
"111-HR-1332-IH","111-HR-2751-ENR","111-HR-1332-IH&111-HR-2751-ENR","111-HR-1332&111-HR-2751",21
"111-HR-1341-IH","111-S-383-ENR","111-HR-1341-IH&111-S-383-ENR","111-HR-1341&111-S-383",24
"111-HR-1359-IH","111-S-3397-ENR","111-HR-1359-IH&111-S-3397-ENR","111-HR-1359&111-S-3397",24
"111-S-541-IS","111-S-896-ENR","111-S-541-IS&111-S-896-ENR","111-S-541&111-S-896",24
"111-HR-1297-IH","111-HR-146-ENR","111-HR-1297-IH&111-HR-146-ENR","111-HR-1297&111-HR-146",22
"111-HR-1266-IH","111-HR-2647-ENR","111-HR-1266-IH&111-HR-2647-ENR","111-HR-1266&111-HR-2647",24
"111-HR-1282-IH","111-HR-3619-ENR","111-HR-1282-IH&111-HR-3619-ENR","111-HR-1282&111-HR-3619",22
"111-HR-548-EH","111-HR-146-ENR","111-HR-548-EH&111-HR-146-ENR","111-HR-548&111-HR-146",24
"111-HR-1212-IH","111-HR-4173-ENR","111-HR-1212-IH&111-HR-4173-ENR","111-HR-1212&111-HR-4173",16
"111-HR-1222-IH","111-HR-2647-ENR","111-HR-1222-IH&111-HR-2647-ENR","111-HR-1222&111-HR-2647",24
"111-HR-1223-IH","111-HR-2647-ENR","111-HR-1223-IH&111-HR-2647-ENR","111-HR-1223&111-HR-2647",24
"111-S-387-ES","111-S-520-ENR","111-S-387-ES&111-S-520-ENR","111-S-387&111-S-520",23
"111-HR-1182-IH","111-S-475-ENR","111-HR-1182-IH&111-S-475-ENR","111-HR-1182&111-S-475",24
"111-HR-1198-IH","111-HR-2647-ENR","111-HR-1198-IH&111-HR-2647-ENR","111-HR-1198&111-HR-2647",22
"111-HR-1109-IH","111-HR-146-ENR","111-HR-1109-IH&111-HR-146-ENR","111-HR-1109&111-HR-146",24
"111-HR-1116-IH","111-S-896-ENR","111-HR-1116-IH&111-S-896-ENR","111-HR-1116&111-S-896",24
"111-HR-786-RH","111-S-896-ENR","111-HR-786-RH&111-S-896-ENR","111-HR-786&111-S-896",14
"111-S-456-IS","111-HR-2751-ENR","111-S-456-IS&111-HR-2751-ENR","111-S-456&111-HR-2751",24
"111-HR-1010-IH","111-HR-3590-ENR","111-HR-1010-IH&111-HR-3590-ENR","111-HR-1010&111-HR-3590",21
"111-S-432-IS","111-S-1818-ENR","111-S-432-IS&111-S-1818-ENR","111-S-432&111-S-1818",24
"111-S-407-IS","111-HR-4667-ENR","111-S-407-IS&111-HR-4667-ENR","111-S-407&111-HR-4667",24
"111-S-408-IS","111-HR-3590-ENR","111-S-408-IS&111-HR-3590-ENR","111-S-408&111-HR-3590",24
"111-HR-920-IH","111-HR-146-ENR","111-HR-920-IH&111-HR-146-ENR","111-HR-920&111-HR-146",24
"111-HR-922-IH","111-HR-146-ENR","111-HR-922-IH&111-HR-146-ENR","111-HR-922&111-HR-146",24
"111-HR-923-IH","111-HR-146-ENR","111-HR-923-IH&111-HR-146-ENR","111-HR-923&111-HR-146",24
"111-HR-924-IH","111-HR-146-ENR","111-HR-924-IH&111-HR-146-ENR","111-HR-924&111-HR-146",24
"111-HR-925-IH","111-HR-146-ENR","111-HR-925-IH&111-HR-146-ENR","111-HR-925&111-HR-146",24
"111-HR-926-IH","111-HR-146-ENR","111-HR-926-IH&111-HR-146-ENR","111-HR-926&111-HR-146",24
"111-S-395-IS","111-HR-586-ENR","111-S-395-IS&111-HR-586-ENR","111-S-395&111-HR-586",24
"111-HR-867-IH","111-HR-146-ENR","111-HR-867-IH&111-HR-146-ENR","111-HR-867&111-HR-146",24
"111-HR-828-IH","111-HR-2647-ENR","111-HR-828-IH&111-HR-2647-ENR","111-HR-828&111-HR-2647",24
"111-S-365-IS","111-S-896-ENR","111-S-365-IS&111-S-896-ENR","111-S-365&111-S-896",24
"111-S-359-IS","111-HR-146-ENR","111-S-359-IS&111-HR-146-ENR","111-S-359&111-HR-146",22
"111-S-349-IS","111-HR-146-ENR","111-S-349-IS&111-HR-146-ENR","111-S-349&111-HR-146",21
"111-HR-744-IH","111-HR-2647-ENR","111-HR-744-IH&111-HR-2647-ENR","111-HR-744&111-HR-2647",24
"111-HR-744-IH","111-HR-3326-ENR","111-HR-744-IH&111-HR-3326-ENR","111-HR-744&111-HR-3326",24
"111-HR-763-IH","111-HR-146-ENR","111-HR-763-IH&111-HR-146-ENR","111-HR-763&111-HR-146",24
"111-S-340-IS","111-S-896-ENR","111-S-340-IS&111-S-896-ENR","111-S-340&111-S-896",24
"111-S-342-IS","111-HR-2647-ENR","111-S-342-IS&111-HR-2647-ENR","111-S-342&111-HR-2647",24
"111-S-342-IS","111-HR-3326-ENR","111-S-342-IS&111-HR-3326-ENR","111-S-342&111-HR-3326",24
"111-HR-629-RH","111-HR-1-ENR","111-HR-629-RH&111-HR-1-ENR","111-HR-629&111-HR-1",24
"111-HR-719-IH","111-HR-1-ENR","111-HR-719-IH&111-HR-1-ENR","111-HR-719&111-HR-1",23
"111-S-324-IS","111-HR-3590-ENR","111-S-324-IS&111-HR-3590-ENR","111-S-324&111-HR-3590",24
"111-S-299-IS","111-HR-628-ENR","111-S-299-IS&111-HR-628-ENR","111-S-299&111-HR-628",24
"111-S-301-IS","111-HR-3590-ENR","111-S-301-IS&111-HR-3590-ENR","111-S-301&111-HR-3590",24
"111-HR-598-IH","111-HR-1-ENR","111-HR-598-IH&111-HR-1-ENR","111-HR-598&111-HR-1",24
"111-HR-602-IH","111-HR-146-ENR","111-HR-602-IH&111-HR-146-ENR","111-HR-602&111-HR-146",24
"111-HR-604-IH","111-HR-146-ENR","111-HR-604-IH&111-HR-146-ENR","111-HR-604&111-HR-146",24
"111-HR-551-IH","111-HR-146-ENR","111-HR-551-IH&111-HR-146-ENR","111-HR-551&111-HR-146",24
"111-HR-567-IH","111-HR-146-ENR","111-HR-567-IH&111-HR-146-ENR","111-HR-567&111-HR-146",24
"111-HR-587-IH","111-HR-1-ENR","111-HR-587-IH&111-HR-1-ENR","111-HR-587&111-HR-1",24
"111-HR-587-IH","111-HR-2996-ENR","111-HR-587-IH&111-HR-2996-ENR","111-HR-587&111-HR-2996",24
"111-HR-587-IH","111-HR-3081-ENR","111-HR-587-IH&111-HR-3081-ENR","111-HR-587&111-HR-3081",24
"111-S-22-ES","111-HR-146-ENR","111-S-22-ES&111-HR-146-ENR","111-S-22&111-HR-146",22
"111-HR-510-IH","111-HR-5552-ENR","111-HR-510-IH&111-HR-5552-ENR","111-HR-510&111-HR-5552",24
"111-HR-516-IH","111-S-234-ENR","111-HR-516-IH&111-S-234-ENR","111-HR-516&111-S-234",24
"111-HR-529-IH","111-S-896-ENR","111-HR-529-IH&111-S-896-ENR","111-HR-529&111-S-896",24
"111-HR-530-IH","111-HR-146-ENR","111-HR-530-IH&111-HR-146-ENR","111-HR-530&111-HR-146",24
"111-HR-542-IH","111-HR-2-ENR","111-HR-542-IH&111-HR-2-ENR","111-HR-542&111-HR-2",24
"111-HR-545-IH","111-HR-146-ENR","111-HR-545-IH&111-HR-146-ENR","111-HR-545&111-HR-146",24
"111-HR-462-IH","111-HR-2-ENR","111-HR-462-IH&111-HR-2-ENR","111-HR-462&111-HR-2",24
"111-HR-479-IH","111-HR-3590-ENR","111-HR-479-IH&111-HR-3590-ENR","111-HR-479&111-HR-3590",24
"111-HR-480-IH","111-HR-146-ENR","111-HR-480-IH&111-HR-146-ENR","111-HR-480&111-HR-146",24
"111-S-215-IS","111-HR-146-ENR","111-S-215-IS&111-HR-146-ENR","111-S-215&111-HR-146",24
"111-S-216-IS","111-HR-146-ENR","111-S-216-IS&111-HR-146-ENR","111-S-216&111-HR-146",24
"111-S-217-IS","111-HR-146-ENR","111-S-217-IS&111-HR-146-ENR","111-S-217&111-HR-146",24
"111-S-219-IS","111-HR-146-ENR","111-S-219-IS&111-HR-146-ENR","111-S-219&111-HR-146",24
"111-S-226-IS","111-S-1963-ENR","111-S-226-IS&111-S-1963-ENR","111-S-226&111-S-1963",24
"111-S-228-IS","111-HR-2-ENR","111-S-228-IS&111-HR-2-ENR","111-S-228&111-HR-2",22
"111-HR-362-IH","111-HR-3590-ENR","111-HR-362-IH&111-HR-3590-ENR","111-HR-362&111-HR-3590",24
"111-HR-365-IH","111-HR-146-ENR","111-HR-365-IH&111-HR-146-ENR","111-HR-365&111-HR-146",24
"111-HR-366-IH","111-HR-146-ENR","111-HR-366-IH&111-HR-146-ENR","111-HR-366&111-HR-146",24
"111-HR-367-IH","111-HR-146-ENR","111-HR-367-IH&111-HR-146-ENR","111-HR-367&111-HR-146",24
"111-HR-368-IH","111-HR-146-ENR","111-HR-368-IH&111-HR-146-ENR","111-HR-368&111-HR-146",24
"111-HR-369-IH","111-HR-146-ENR","111-HR-369-IH&111-HR-146-ENR","111-HR-369&111-HR-146",24
"111-HR-371-IH","111-HR-146-ENR","111-HR-371-IH&111-HR-146-ENR","111-HR-371&111-HR-146",24
"111-HR-372-IH","111-HR-146-ENR","111-HR-372-IH&111-HR-146-ENR","111-HR-372&111-HR-146",24
"111-HR-376-IH","111-HR-146-ENR","111-HR-376-IH&111-HR-146-ENR","111-HR-376&111-HR-146",24
"111-HR-397-IH","111-HR-146-ENR","111-HR-397-IH&111-HR-146-ENR","111-HR-397&111-HR-146",24
"111-HR-404-IH","111-HR-146-ENR","111-HR-404-IH&111-HR-146-ENR","111-HR-404&111-HR-146",24
"111-HR-407-IH","111-HR-146-ENR","111-HR-407-IH&111-HR-146-ENR","111-HR-407&111-HR-146",24
"111-HR-408-IH","111-HR-146-ENR","111-HR-408-IH&111-HR-146-ENR","111-HR-408&111-HR-146",24
"111-HR-410-IH","111-HR-146-ENR","111-HR-410-IH&111-HR-146-ENR","111-HR-410&111-HR-146",24
"111-HR-437-IH","111-HR-146-ENR","111-HR-437-IH&111-HR-146-ENR","111-HR-437&111-HR-146",24
"111-HR-438-IH","111-HR-146-ENR","111-HR-438-IH&111-HR-146-ENR","111-HR-438&111-HR-146",24
"111-HR-444-IH","111-HR-3590-ENR","111-HR-444-IH&111-HR-3590-ENR","111-HR-444&111-HR-3590",24
"111-HR-454-IH","111-HR-146-ENR","111-HR-454-IH&111-HR-146-ENR","111-HR-454&111-HR-146",24
"111-S-192-IS","111-HR-146-ENR","111-S-192-IS&111-HR-146-ENR","111-S-192&111-HR-146",24
"111-S-196-IS","111-HR-146-ENR","111-S-196-IS&111-HR-146-ENR","111-S-196&111-HR-146",24
"111-HR-290-IH","111-HR-1-ENR","111-HR-290-IH&111-HR-1-ENR","111-HR-290&111-HR-1",24
"111-HR-291-IH","111-HR-1-ENR","111-HR-291-IH&111-HR-1-ENR","111-HR-291&111-HR-1",24
"111-HR-293-IH","111-HR-3219-ENR","111-HR-293-IH&111-HR-3219-ENR","111-HR-293&111-HR-3219",24
"111-HR-319-IH","111-HR-2-ENR","111-HR-319-IH&111-HR-2-ENR","111-HR-319&111-HR-2",24
"111-HR-324-IH","111-HR-146-ENR","111-HR-324-IH&111-HR-146-ENR","111-HR-324&111-HR-146",21
"111-HR-337-IH","111-HR-146-ENR","111-HR-337-IH&111-HR-146-ENR","111-HR-337&111-HR-146",24
"111-HR-338-IH","111-HR-146-ENR","111-HR-338-IH&111-HR-146-ENR","111-HR-338&111-HR-146",24
"111-HR-352-IH","111-HR-146-ENR","111-HR-352-IH&111-HR-146-ENR","111-HR-352&111-HR-146",24
"111-S-172-IS","111-HR-146-ENR","111-S-172-IS&111-HR-146-ENR","111-S-172&111-HR-146",24
"111-S-173-IS","111-HR-146-ENR","111-S-173-IS&111-HR-146-ENR","111-S-173&111-HR-146",24
"111-S-174-IS","111-HR-146-ENR","111-S-174-IS&111-HR-146-ENR","111-S-174&111-HR-146",24
"111-S-180-IS","111-HR-146-ENR","111-S-180-IS&111-HR-146-ENR","111-S-180&111-HR-146",24
"111-S-183-IS","111-HR-146-ENR","111-S-183-IS&111-HR-146-ENR","111-S-183&111-HR-146",24
"111-S-184-IS","111-HR-146-ENR","111-S-184-IS&111-HR-146-ENR","111-S-184&111-HR-146",24
"111-S-185-IS","111-HR-146-ENR","111-S-185-IS&111-HR-146-ENR","111-S-185&111-HR-146",24
"111-S-186-IS","111-HR-146-ENR","111-S-186-IS&111-HR-146-ENR","111-S-186&111-HR-146",24
"111-S-187-IS","111-HR-146-ENR","111-S-187-IS&111-HR-146-ENR","111-S-187&111-HR-146",24
"111-S-188-IS","111-HR-146-ENR","111-S-188-IS&111-HR-146-ENR","111-S-188&111-HR-146",24
"111-S-189-IS","111-HR-146-ENR","111-S-189-IS&111-HR-146-ENR","111-S-189&111-HR-146",24
"111-S-191-IS","111-HR-1105-ENR","111-S-191-IS&111-HR-1105-ENR","111-S-191&111-HR-1105",24
"111-HR-228-IH","111-S-1963-ENR","111-HR-228-IH&111-S-1963-ENR","111-HR-228&111-S-1963",23
"111-HR-234-IH","111-HR-146-ENR","111-HR-234-IH&111-HR-146-ENR","111-HR-234&111-HR-146",24
"111-HR-270-IH","111-HR-2647-ENR","111-HR-270-IH&111-HR-2647-ENR","111-HR-270&111-HR-2647",24
"111-HR-280-IH","111-HR-146-ENR","111-HR-280-IH&111-HR-146-ENR","111-HR-280&111-HR-146",24
"111-HR-283-IH","111-HR-146-ENR","111-HR-283-IH&111-HR-146-ENR","111-HR-283&111-HR-146",24
"111-HR-284-IH","111-HR-146-ENR","111-HR-284-IH&111-HR-146-ENR","111-HR-284&111-HR-146",24
"111-HR-285-IH","111-HR-146-ENR","111-HR-285-IH&111-HR-146-ENR","111-HR-285&111-HR-146",24
"111-HR-286-IH","111-HR-146-ENR","111-HR-286-IH&111-HR-146-ENR","111-HR-286&111-HR-146",24
"111-HR-102-IH","111-HR-146-ENR","111-HR-102-IH&111-HR-146-ENR","111-HR-102&111-HR-146",24
"111-HR-11-IH","111-S-181-ENR","111-HR-11-IH&111-S-181-ENR","111-HR-11&111-S-181",24
"111-HR-14-IH","111-HR-146-ENR","111-HR-14-IH&111-HR-146-ENR","111-HR-14&111-HR-146",24
"111-HR-165-IH","111-HR-146-ENR","111-HR-165-IH&111-HR-146-ENR","111-HR-165&111-HR-146",24
"111-HR-166-IH","111-HR-146-ENR","111-HR-166-IH&111-HR-146-ENR","111-HR-166&111-HR-146",24
"111-HR-169-IH","111-HR-1105-ENR","111-HR-169-IH&111-HR-1105-ENR","111-HR-169&111-HR-1105",24
"111-HR-170-IH","111-HR-146-ENR","111-HR-170-IH&111-HR-146-ENR","111-HR-170&111-HR-146",23
"111-HR-171-IH","111-HR-146-ENR","111-HR-171-IH&111-HR-146-ENR","111-HR-171&111-HR-146",24
"111-HR-172-IH","111-HR-146-ENR","111-HR-172-IH&111-HR-146-ENR","111-HR-172&111-HR-146",24
"111-HR-47-IH","111-HR-4173-ENR","111-HR-47-IH&111-HR-4173-ENR","111-HR-47&111-HR-4173",24
"111-HR-75-IH","111-HR-146-ENR","111-HR-75-IH&111-HR-146-ENR","111-HR-75&111-HR-146",24
"111-HR-76-IH","111-HR-146-ENR","111-HR-76-IH&111-HR-146-ENR","111-HR-76&111-HR-146",24
"111-HR-88-IH","111-HR-146-ENR","111-HR-88-IH&111-HR-146-ENR","111-HR-88&111-HR-146",24
"111-HR-89-IH","111-HR-146-ENR","111-HR-89-IH&111-HR-146-ENR","111-HR-89&111-HR-146",24
"111-S-109-IS","111-HR-146-ENR","111-S-109-IS&111-HR-146-ENR","111-S-109&111-HR-146",24
"111-S-110-IS","111-HR-146-ENR","111-S-110-IS&111-HR-146-ENR","111-S-110&111-HR-146",24
"111-S-134-IS","111-HR-146-ENR","111-S-134-IS&111-HR-146-ENR","111-S-134&111-HR-146",24
"111-S-152-IS","111-HR-146-ENR","111-S-152-IS&111-HR-146-ENR","111-S-152&111-HR-146",24
"111-S-153-IS","111-HR-146-ENR","111-S-153-IS&111-HR-146-ENR","111-S-153&111-HR-146",24
"111-S-159-IS","111-HR-146-ENR","111-S-159-IS&111-HR-146-ENR","111-S-159&111-HR-146",24
"111-S-161-IS","111-HR-146-ENR","111-S-161-IS&111-HR-146-ENR","111-S-161&111-HR-146",24
"111-HJRES-101-EH","111-HJRES-105-ENR","111-HJRES-101-EH&111-HJRES-105-ENR","111-HJRES-101&111-HJRES-105",24
"111-HJRES-105-EH","111-HJRES-101-ENR","111-HJRES-105-EH&111-HJRES-101-ENR","111-HJRES-105&111-HJRES-101",24
"111-HJRES-20-IH","111-HJRES-40-ENR","111-HJRES-20-IH&111-HJRES-40-ENR","111-HJRES-20&111-HJRES-40",24
"111-HJRES-38-EH","111-HJRES-64-ENR","111-HJRES-38-EH&111-HJRES-64-ENR","111-HJRES-38&111-HJRES-64",21
"111-HJRES-58-IH","111-SJRES-19-ENR","111-HJRES-58-IH&111-SJRES-19-ENR","111-HJRES-58&111-SJRES-19",24
"111-HJRES-64-EH","111-HJRES-38-ENR","111-HJRES-64-EH&111-HJRES-38-ENR","111-HJRES-64&111-HJRES-38",21
"111-HJRES-86-EH","111-SJRES-32-ENR","111-HJRES-86-EH&111-SJRES-32-ENR","111-HJRES-86&111-SJRES-32",24
"111-HR-1357-IH","111-HR-6523-ENR","111-HR-1357-IH&111-HR-6523-ENR","111-HR-1357&111-HR-6523",24
"111-HR-1820-IH","111-S-748-ENR","111-HR-1820-IH&111-S-748-ENR","111-HR-1820&111-S-748",24
"111-HR-3170-EH","111-HR-1105-ENR","111-HR-3170-EH&111-HR-1105-ENR","111-HR-3170&111-HR-1105",24
"111-S-1279-IS","111-HR-3590-ENR","111-S-1279-IS&111-HR-3590-ENR","111-S-1279&111-HR-3590",24
"111-S-1450-IS","111-HR-4505-ENR","111-S-1450-IS&111-HR-4505-ENR","111-S-1450&111-HR-4505",24
"111-S-3450-IS","111-HR-4173-ENR","111-S-3450-IS&111-HR-4173-ENR","111-S-3450&111-HR-4173",24
"111-SJRES-12-ES","111-HJRES-26-ENR","111-SJRES-12-ES&111-HJRES-26-ENR","111-SJRES-12&111-HJRES-26",24
"111-SJRES-17-IS","111-HJRES-56-ENR","111-SJRES-17-IS&111-HJRES-56-ENR","111-SJRES-17&111-HJRES-56",24
